scenario,rankByBest,rankByMean,w,h,area,runs,bestGoldSquare,meanGoldSquare,sdGoldSquare,worstGoldSquare,bestGoldTile,logsInBest,wins,bestLayout
default,1,1,3,4,12,20,79.235,79.235,0.000,79.235,950.816,6,17,.LL/.PL/.LL/.LP
default,2,2,4,3,12,20,79.235,79.235,0.000,79.235,950.816,6,2,LLLP/..../LPLL
default,3,3,6,4,24,20,79.235,77.848,0.557,76.896,1901.631,12,1,.PL.PL/.LL.LL/.LP.LP/.LL.LL
default,4,10,6,5,30,20,78.174,75.919,1.936,72.296,2345.225,14,0,....../LP.PLP/LL.LLL/LLLLL./PLPLP.
default,5,7,6,6,36,20,77.994,76.446,0.892,75.158,2807.789,17,0,PLPLPL/LLLLLL/P....L/L.LLLL/P.PLPL/......
default,6,4,4,6,24,20,77.855,77.640,0.503,75.731,1868.522,11,0,P..L/L.LL/P.PL/..../PLPL/LLLL
default,7,15,5,6,30,20,77.778,75.403,1.397,72.511,2333.338,15,0,...LP/.LLLL/.PLLP/.LL../.PLLP/.LLLL
default,8,8,4,7,28,20,77.428,76.194,1.711,72.987,2167.980,14,0,LLL./PL../LLLL/PLPL/.LLL/..../PLP.
default,9,11,7,4,28,20,77.428,75.829,1.659,72.987,2167.980,14,0,..LLL../LPLP..P/LLLLL.L/P.LPL.L
default,10,12,7,6,42,20,77.029,75.699,1.138,73.228,3235.202,20,0,LL.LLLL/LP....P/L..LL.L/LP.PL.P/LL.LL.L/P..PLPL
default,11,5,2,6,12,20,76.792,76.792,0.000,76.792,921.501,6,0,PL/LL/../LL/PL/..
default,12,6,6,2,12,20,76.792,76.792,0.000,76.792,921.501,6,0,L.LP.P/L.LL.L
default,13,9,6,7,42,20,76.542,75.982,0.363,75.249,3214.777,20,0,L.LLPL/P.PLLL/....PL/.LP.../PLLL.L/LLPL.L/P.LL.L
default,14,19,5,7,35,20,76.121,73.851,2.096,71.545,2664.233,16,0,LLLPL/LPLLL/...LP/L.PLL/P.LLL/..P../P...L
default,15,18,7,5,35,20,76.121,74.196,2.078,71.545,2664.233,16,0,.....LP/.PLP.LL/LLLL.PL/PLL..LL/.LP.PLL
default,16,16,3,6,18,20,75.835,74.948,1.116,73.616,1365.038,9,0,L.P/L.L/P.L/L.L/P.L/L.L
default,17,17,6,3,18,20,75.835,74.726,1.139,73.616,1365.038,9,0,....../LPLPLL/LLLLLP
default,18,14,4,5,20,20,75.506,75.461,0.202,74.604,1510.126,9,0,PLPL/..../.PLP/..LL/LLLL
default,19,13,5,4,20,20,75.506,75.506,0.000,75.506,1510.126,9,0,.LLLP/.PLLL/.LL.P/.PL..
default,20,23,7,7,49,20,75.360,72.788,1.302,70.083,3692.654,22,0,L.LLPLL/.....LP/.P.PLLL/LL.LLPL/PL.P.LL/.....PL/P.PLLLL
default,21,22,5,5,25,20,73.853,73.095,1.351,70.577,1846.327,11,0,P.LLL/..LP./.PLLL/.LLLP/..PL.
default,22,20,2,3,6,20,73.560,73.560,0.000,73.560,441.357,3,0,LP/LL/..
default,23,21,3,2,6,20,73.560,73.560,0.000,73.560,441.357,3,0,LL./PL.
default,24,24,2,7,14,20,72.450,72.450,0.000,72.450,1014.293,6,0,LL/LP/../P./LL/LP/..
default,25,25,7,2,14,20,72.450,72.450,0.000,72.450,1014.293,6,0,L.LLP.L/P.PL..L
default,26,26,5,3,15,20,72.269,72.269,0.000,72.269,1084.030,8,0,LL.../LP.LL/LL.PL
default,27,27,3,5,15,20,72.269,72.269,0.000,72.269,1084.030,8,0,L.L/P.L/.../LLP/LLL
default,28,28,4,4,16,20,71.902,71.902,0.000,71.902,1150.436,7,0,.LPL/PL.L/..../PLLL
default,29,29,3,7,21,20,71.233,71.233,0.000,71.233,1495.900,11,0,LL./PL./LL./PL./LL./PL./LL.
default,30,30,7,3,21,20,71.233,71.233,0.000,71.233,1495.900,11,0,LLLLLLL/LPLPLPL/.......
default,31,31,2,4,8,20,67.845,67.845,0,67.845,542.756,4,0,P./../LL/LL
default,32,32,4,2,8,20,67.845,67.845,0,67.845,542.756,4,0,..LL/.PLL
default,33,33,2,5,10,20,67.590,67.590,0.000,67.590,675.904,4,0,LP/../P./L./LL
default,34,34,5,2,10,20,67.590,67.590,0.000,67.590,675.904,4,0,.LLLP/.PL..
default,35,35,3,3,9,20,63.122,63.122,0,63.122,568.097,5,0,LPL/LLL/...
default,36,36,2,2,4,20,44.995,44.995,0.000,44.995,179.979,1,0,P./L.
connected,1,1,6,7,42,20,69.448,68.667,0.712,66.091,2916.813,18,7,PLL.PL/LLP.LL/PL..../LL.LPL/PL.LLL/....PL/.LP...
connected,2,3,7,6,42,20,69.448,68.450,0.960,65.678,2916.813,18,7,P....PL/L.LLLLL/..PLPLP/.LLL.LL/.PLP.LP/..LL...
connected,3,2,6,6,36,20,69.447,68.604,0.663,67.224,2500.079,15,5,.PL.LP/.LLLLL/.PLPLP/....../.PL.LP/.LL.LL
connected,4,4,7,7,49,20,68.880,66.964,1.320,65.043,3375.140,20,1,L..PL.L/LP....P/L..PLLL/P.LLLPL/L.PLL.L/...LP../LP.LL.P
connected,5,6,5,6,30,20,67.194,65.387,1.095,64.303,2015.824,13,0,PLLP./...../PLLP./LLLL./PL.../LLLL.
connected,6,5,6,5,30,20,67.194,65.867,1.265,62.912,2015.824,13,0,LLLL.L/L.LL.L/L.LP.P/....../LPLP.P
connected,7,7,5,7,35,20,67.049,65.205,1.313,63.554,2346.719,14,0,P.LLL/L.PLL/...LP/.P.../.LLLP/.PLLL/...PL
connected,8,8,7,5,35,20,67.049,65.180,1.299,63.554,2346.719,14,0,LLLP.PL/PLL..LL/.LP.LLL/....PLP/.PL....
connected,9,9,4,6,24,20,64.329,63.941,0.398,63.553,1543.902,9,0,.LLL/.PLP/..../.PLP/.LLL/.PL.
connected,10,10,6,4,24,20,64.329,63.902,0.396,63.553,1543.902,9,0,PL.LP./....../PLPLP./LLLLL.
connected,11,12,4,7,28,20,62.623,62.564,0.153,62.082,1753.436,11,0,L.LL/L..P/LP.L/LL.P/LP../..../L.LP
connected,12,11,7,4,28,20,62.623,62.591,0.102,62.215,1753.436,11,0,.LLLLLL/.LPLP.P/.LL..../....PLP
connected,13,13,5,5,25,20,60.351,60.251,0.177,59.952,1508.775,10,0,...../LP.PL/LL.LL/.L.LL/.P.PL
connected,14,14,4,5,20,20,59.735,59.735,0.000,59.735,1194.710,8,0,LLL./.LL./.PLP/..../PLL.
connected,15,15,5,4,20,20,59.735,59.735,0.000,59.735,1194.710,8,0,L.LLL/P..../..PL./P.LLL
connected,16,17,3,6,18,20,59.054,59.054,0.000,59.054,1062.966,7,0,PL./LL./PL./LL./LP./...
connected,17,16,6,3,18,20,59.054,59.054,0.000,59.054,1062.966,7,0,....../LLPLP./PLLLL.
connected,18,18,3,7,21,20,58.549,58.549,0.000,58.549,1229.539,9,0,LL./LP./LL./LP./LL./LP./...
connected,19,19,7,3,21,20,58.549,58.549,0.000,58.549,1229.539,9,0,LLLLLL./LPLPLP./.......
connected,20,20,3,5,15,20,55.804,55.804,0.000,55.804,837.061,6,0,.../P.L/L.L/L.L/L.P
connected,21,21,5,3,15,20,55.804,55.804,0.000,55.804,837.061,6,0,...../LLL.P/LLP.L
connected,22,22,3,4,12,20,52.775,52.775,0.000,52.775,633.302,4,0,.LL/.PL/.../.LP
connected,23,23,4,3,12,20,52.775,52.775,0.000,52.775,633.302,4,0,LLP./PLL./....
connected,24,24,4,4,16,20,50.830,50.830,0,50.830,813.281,5,0,P.../..P./LLL./LLP.
connected,25,25,3,3,9,20,39.532,39.532,0.000,39.532,355.791,3,0,LL./LP./...
connected,26,26,2,7,14,20,38.138,38.138,0.000,38.138,533.937,4,0,.L/.P/.L/../.L/.P/.L
connected,27,27,7,2,14,20,38.138,38.138,0.000,38.138,533.937,4,0,......./LPL.LPL
connected,28,28,2,6,12,20,37.437,37.437,0.000,37.437,449.239,3,0,.L/.P/.L/../.L/.P
connected,29,29,6,2,12,20,37.437,37.437,0.000,37.437,449.239,3,0,....../LPL.LP
connected,30,30,2,4,8,20,33.371,33.371,0,33.371,266.969,2,0,../.L/.P/.L
connected,31,31,4,2,8,20,33.371,33.371,0,33.371,266.969,2,0,L.PL/....
connected,32,32,2,5,10,20,32.575,32.575,0.000,32.575,325.755,2,0,P./../P./L./L.
connected,33,33,5,2,10,20,32.575,32.575,0.000,32.575,325.755,2,0,PLLP./.....
connected,34,34,2,3,6,20,23.914,23.914,0,23.914,143.484,1,0,P./L./..
connected,35,35,3,2,6,20,23.914,23.914,0,23.914,143.484,1,0,PL./...
connected,36,36,2,2,4,20,5.556,5.556,0.000,5.556,22.222,0,0,M./..
